المدينة,المنطقة,أيام الشحن (أدنى),أيام الشحن (أعلى),تكلفة الشحن,شركة الشحن,توصيل بنفس اليوم,معامل الثقة
حائل,الشمالية,0.0,1.0,0.0,مندوب TD,نعم,1.0
القصيم,الوسطى,1.0,1.0,25.0,سمسا,لا,0.96
الجوف,الشمالية,1.0,2.0,35.0,أرامكس,لا,0.91
تبوك,الشمالية,1.0,2.0,40.0,أرامكس,لا,0.9
الرياض,الوسطى,1.0,2.0,30.0,سمسا,لا,0.94
المدينة المنورة,الغربية,1.0,2.0,35.0,سمسا,لا,0.92
جدة,الغربية,2.0,3.0,35.0,سمسا,لا,0.9
مكة المكرمة,الغربية,2.0,3.0,40.0,سمسا,لا,0.88
الدمام,الشرقية,2.0,3.0,35.0,سمسا,لا,0.9
أبها,الجنوبية,3.0,4.0,45.0,أرامكس,لا,0.85
جازان,الجنوبية,3.0,4.0,50.0,أرامكس,لا,0.82
