key,name_ar,category,synonyms_ar,name_en,confidence,rows_in_kia_source,example_from_source
ac_condenser,لديتر مكيف,ac,رديتر مكيف|مكثف المكيف|كوندنسر,AC condenser,high,44,لديتر مكيف كرنفال 2024 كوري / لديتر مكيف دينا 2700 كوري
ac_evaporator,ثلاجة مكيف,ac,ثلاجة المكيف|مبخر المكيف|إيفابوريتر,AC evaporator,high,42,ثلاجة مكيف بيكانتو2006 كوري / ثلاجة مكيف بيكانتو2008(07400) كوري
ac_compressor,كمبروسر مكيف,ac,كمبريسر|ضاغط المكيف|كومبروسر,AC compressor,high,39,كمبروسر كارنس 2014 كوري / كمبروسر كارنس (2P310)2005 كوري
ac_blower,مروحة داخلية,ac,موتور المكيف الداخلي|مروحة المقصورة|بلوور,Blower motor,high,2,مروحة مكيف داخلي ريو2013 كوري / مروحة داخليه كارنس 2017 كوري
ac_fan,مروحة مكيف,ac,مروحة المكثف,AC condenser fan,high,5,مروحه مكيف ريو 10/06 كوري / مروحه مكيف كرنفال م2008 كوري
ac_hose,لي مكيف,ac,خرطوم المكيف|لي بارد|لي حار,AC hose,high,26,لي مكيف حار سيراتو 12/10 كوري / لي مكيف حار ريو2012 كوري
ac_valve,بلف مكيف,ac,بلف تمدد|صمام التمدد,AC expansion valve,medium,3,بلف مكيف سيرنتو كوري / بلف مكيف اوبتيما 2013 كوري
ac_misc,قطع مكيف أخرى,ac,منظم مكيف|موزع مكيف,AC misc (regulator/distributor),review,3,منظم مكيف سيراتو 2012 اصلي / منظم مكيف سيراتو 2012 كوري
cabin_filter,فلتر مكيف,filters,فلتر المقصورة|فلتر هواء المكيف,Cabin air filter,high,12,فلتر مكيف سيراتو2005/ كرنفال كوري / فلتر مكيف سيراتو2005/ كرنفال كوري
washer_tank,قربة مساحات,body,خزان ماء المساحات,Washer reservoir,high,1,قربه مساحات سيراتو16/15 وكاله
radiator,لديتر ماء,cooling,رديتر|راديتر|ردياتير|مشع التبريد,Radiator,high,49,لديتر ماء دينا HD65 كوري / لديتر ماء بيكانتو (07550)08/07 كوري
radiator_fan,مروحة لديتر,cooling,مروحة الرديتر|مروحة التبريد|مروحة الماء,Radiator fan,high,35,جرم مروحه ريو+اكسنت15/11وكاله / مروحه لديتر بيكانتو 2011 كوري
coolant_tank,قربة ماء,cooling,قربة الرديتر|خزان ماء الرديتر,Coolant reservoir,high,3,قربه لديتر اوبتيما 14/11 اصلي / قربة لديتر اوبتيما 2017 وكاله
radiator_hose,خرطوش لديتر,cooling,خرطوم الرديتر|لي ماء,Radiator hose,high,4,خرطوش لديتر كادنزا فوق17/16وكاله / خرطوش لديتر كادنزا فوق17/16 اصلي
water_pump,طرمبة ماء,cooling,مضخة الماء|طرمبة موية,Water pump,high,8,طرمبة ماء سيراتو+كارنس2E020+اوبتيما15/13وكاله / طرمبة ماء كاريتا+سيراتو 2022 كوري
thermostat,بلف حرارة,cooling,ثرموستات|منظم الحرارة,Thermostat,high,2,بلف حرارة بيكانتو 2011 اصلي / بلف حراره اوبتيما وكاله
thermo_housing,كوع ماء,cooling,كوع الثرموستات,Thermostat housing,review,1,قاعده كوع ماء سوناتا 12/11 وكاله
head_gasket,وجه راس,engine,جوان راس|وجه رأس المكينة,Head gasket,high,12,وجه راس اوبتيما 06-08 (G)كوري / وجة راس اوبتيماء 2015 اصلي
gasket_set,طقم وجيه,engine,طقم جوانات|وجيه كامل,Full gasket set,high,11,طقم وجيه بيكانتو 15/11(حديد)كوري / طقم وجيه بيكانتو 15/11(جرافت)كوري
valve_cover_gasket,وجه غطاء,engine,جوان غطاء البلوف,Valve cover gasket,high,9,وجه غطاء بلوف اوبتما 2007+سوناتا 2008 اصلي / وجه غطاء بلوف اوبتما 2009 اصلي
lifters,تكايات بلوف,engine,تكايات|أكواب البلوف,Valve lifters,medium,1,تكايات بلوف كرنفال وكاله
valves,بلوف,engine,بلوف نار|بلوف هواء|صمامات,Engine valves,high,15,بلوف هواء كرنفال وكاله / بلوف نار كرنفال 2008وكاله
main_bearings,سبائك ثابت,engine,سبايك ثابت|سبائك الكرنك,Main bearings,high,9,سبائك ثابت اوبتيما+سوناتا(2G120)07STD اصلي / سبائك ثابت اوبتيما+سوناتا2007 مSTDكوري
rod_bearings,سبائك متحرك,engine,سبايك متحرك|سبائك الذراع,Con-rod bearings,high,5,سبائك متحرك STD 3C202كرنفال 2008اصلي(طقم) / سبائك متحرك كرنفال 07 مقاس 25 اصلي
thrust_washer,هلال كرنك,engine,هلال الكرنك,Crank thrust washer,high,1,هلال كرنك كرنفال 2007 وكالة
con_rod,ذراع بستم,engine,ذراع التوصيل,Connecting rod,high,2,ذراع بستم بيكانتو 2013 اصلي / ذراع بستم اوبتيما 2009 وكاله
pistons,بساتم,engine,بستم|مكابس,Pistons,high,8,بساتم كرنفال 2008 وكاله / بساتم سنتافي 2010+كرنفال 2007 مقاس STD  اصلي
rings,شنابر,engine,شنابر مكينة|حلقات المكبس,Piston rings,high,11,شنابر مكينه بكانتو 15/11مقاس STD3 اصلي / شنابر سوناتا+اوبتيماء م 012/011 وكاله
liners,قمصان مكينة,engine,قمصان|جلب السلندر,Cylinder liners,medium,2,قمصان مكينة بريجو تجاري KLNR01 / قمصان مكينة بريجو تايون
oil_pump,طرمبة زيت,engine,مضخة الزيت,Oil pump,high,6,طرمبة زيت كرنفال(3C300) 2010/2007 وكاله / طرمبه زيت كرنفال م2007(3C300)/ 2010 اصلي
oil_pan,كرتير زيت,engine,كارتير|حوض الزيت,Oil pan,high,1,كرتير زيت اوبتيما+سوناتا اصلي
oil_seal,صوفة,engine,صوفة زيت|سيل|جلدة زيت,Oil seal,high,7,صوفة زيت موبس / صوفة صدر سوناتا 2103 وكاله
oil_sensor,حساس زيت,engine,ساعة زيت|حساس ضغط الزيت,Oil pressure sensor,high,5,حساس زيت اوبتيما 13/11+سوناتا اصلي / حساس زيت كرنفال 2007 + ازيرا اصلي
timing_belt,سير تيمن,engine,سير تايمن|سير التوقيت,Timing belt (+tensioner),high,6,شداد تيمن ازيرا +كرنفال وكاله / شداد تيمن ازيرا +كرنفال اصلي
timing_chain,جنزير تيمن,engine,جنزير|شحاط جنزير|شداد جنزير,Timing chain (+guide/tensioner),high,4,جنزير كرنفال 2007 وكالة / شداد جنزير ازيرا +كرنفال اصلي
belt_tensioner,شداد سير,engine,بكرة شداد|شداد,Belt tensioner / idler,high,16,شداد سير خارجي اوبتيما 09+سوناتا01/06 اصلي / شداد سير مروحه اكسنت 15/11وكاله
drive_belt,سير دينمو,engine,سير مكائن|سير مروحة,Drive belt,high,10,سير دينمو سيراتو+كارنس وكاله / سير مروحه سيراتو 2011 مكينه (1.6) اصلي
crank_pulley,بكرة كرنك,engine,طارة الكرنك,Crankshaft pulley,high,1,بكره كرنك كرنفال2007 اصلي
engine_mount,كرسي مكينة,engine,قاعدة المكينة|كرسي محرك,Engine mount,high,48,كرسي مكينه بيكانتو وكاله / كرسي مكينه يمين ريو(1R010)2013 اصلي
engine_misc,قطع مكينة أخرى,engine,جلبة ترس,Engine misc (bushing),review,1,جلبه ترس عمود كرنك وكاله
engine_cover,غطاء مكينة,engine,غطاء المحرك العلوي,Engine cover,medium,1,غطا مكينه تحت يمين ريو 2012 اصلي
pcv,بلف بخار,engine,صمام PCV,PCV valve,medium,1,بلف بخار سوناتا+اوبتيما2013 اصلي
oil_cooler,ثلاجة زيت,engine,ثلاجة مكينة,Oil cooler,review,2,ثلاجة مكينه اوبتيماء 2010 وكاله / ثلاجة مكينه اوبتيماء 2010 اصلي
fuel_pump,طرمبة بنزين,fuel,مضخة الوقود|طرمبة وقود,Fuel pump,high,5,طرمبة بنزين سيراتو 10/06(DM3369)كوري / طرمبة بنزين ريو 2014 كوري
air_intake,لي هواء,fuel,خرطوم الهواء|قربة هواء|منظم هواء,Air intake parts,review,7,قربه هواء اوبتيما 2017 اصلي / خرطوش قربة هواء اوبتيما 2017وكاله
clock_spring,شريحة بوري,electrical,كويل بوري|شريحة دركسون|ساعة الإيرباق,Clock spring (spiral cable),medium,7,شريحة بوري ريو 14/11 وكاله / كويل بوري ريو 2012 اصلي
air_filter,فلتر هواء,filters,فلتر هواء المكينة,Air filter,high,8,فلترهواء كرنفال 010/07 وكاله / فلترهواء كرنفال 010/07 اصلي
oil_filter,فلتر زيت,filters,فلتر الزيت,Oil filter,high,2,فلتر زيت كادنزا 2016 اصلي / فلتر زيت كلاروس وكاله
fuel_filter,فلتر بنزين,filters,فلتر الوقود,Fuel filter,high,3,فلتر بنزين ريو 2013 اصلي / فلتر بنزين اوبتيما2017وكاله
trans_filter,فلتر قير,transmission,فلتر جربكس,Transmission filter,high,2,فلتر جربكس كادنزا + كرنفال 2007+سنتافي اصلي / فلتر جربكس سيراتو(26000) 2011 اصلي
plug_wires,أسلاك بواجي,electrical,أسلاك البواجي|أسلاك الإشعال,Spark plug wires,high,6,اسلاك بواجي اوبتيما+سوناتا كوري / اسلاك بواجي كرنس وكالة
alternator,دينمو,electrical,دينمو كهرباء|دينمو شحن|مولد|الترنيتر,Alternator,high,25,دينمو بيكانتو 10/04 كوري / دينمو بيكانتو 10/04 كوري
starter,سلف,electrical,مارش|دينمو تشغيل|ستارتر,Starter motor,high,10,سلف بيكانتو 08/04 كوري / سلف بيكانتو14/11 كوري
coil,كويل,electrical,كويل كهرباء|كويل بوري|ملف الإشعال,Ignition coil,high,7,كويل كهرباء اوبتيما 2017وكاله / كويل كهرباء اوبتيما 2017 اصلي
spark_plugs,بواجي,electrical,بلكات|شمعات احتراق|بوجيهات,Spark plugs,high,2,بواجي سيراتو وكاله / بواجي سيراتو
sensors,حساسات,electrical,حساس شكمان|حساس أكسجين|حساس مكينة,Sensors,high,3,حساس مكينه اوبتيما13/11 اصلي / حساس شكمان H1 2010 اصلي
trans_mount,كرسي قير,transmission,كرسي جربكس|قاعدة القير,Transmission mount,high,15,كرسي قير سيراتو 09/07 كوري / كرسي جربكس سيرنتو اصلي
clutch,طقم كلتش,transmission,صحن كلتش|فحمة كلتش|علبة كلتش,Clutch parts,medium,12,صحن كلتش النترا 15/11 وكاله / صحن كلتش سيراتو 2010 اصلي
trans_pan,كرتير قير,transmission,كارتير جربكس,Transmission oil pan,high,2,كارتير جربكس كارنس 13+سول13 وكاله / كارتير جربكس كارنس2B811/ 13+سول13 اصلي
front_pads,قماش أمامي,brakes,فحمات أمامية|قماش فرامل|بريك,Front brake pads,high,55,قماش امامي اتوس(HP0001)كوري / قماش امامي اتوس(10)(SP1096)كوري
rear_pads,قماش خلفي,brakes,فحمات خلفية|قماش جلنط,Rear brake pads/shoes,high,24,قماش خلفي كارنس08/07 وكاله / قماش خلفي سول 2012 كوري
brake_disc,هوب,brakes,هوبات|طارة هوب|دسك فرامل|قرص الفرامل,Brake disc (rotor),medium,2,طاره هوب اوبتيما 06/04 تجاري / طاره هوب امامي (27-40000)كرنفال 2008 تجاري
brake_misc,علبة فرامل,brakes,علبة فرامل,Brake master cylinder,review,1,علبة فرامل كرنفال 2007 اصلي
strut_mount,كرسي مساعد,suspension,قاعدة المساعد,Strut mount,high,30,قاعدة كرسي خلفي ريو15+اكسنت16 كوري / قاعده كرسي توسان (2W300)وكاله
front_shocks,مساعدات أمامية,suspension,مساعد أمامي|ممتص صدمات|شوك,Front shock absorbers,high,33,مساعدات امامي سيرنتو يسار(4) كوري / مساعدات امامي سيرنتو يمين(4) كوري
rear_shocks,مساعدات خلفية,suspension,مساعد خلفي|ممتص صدمات خلفي,Rear shock absorbers,high,20,مساعدات خلفي سيراتو 2010 وكاله / مساعدات خلفيه سيراتو 12/10(10)كوري
arm_bushing,جلبة مقص,suspension,جلب مقص|جلبات المقص,Control arm bushing,high,23,جلب مقص صغير سيرنتو 2015 وكاله / جلب مقص سوبرتاج 2013 كوري
front_arm,مقص أمامي,suspension,مقص تحت|ذراع التعليق السفلي,Front control arm,high,44,مقص امامي كارنس 2005(CQKK-67R)كوري / مقص امامي كارنس(تعبئه8) 2005 كوري
rear_arm,مقص خلفي,suspension,ذراع خلفي,Rear control arm,high,8,مقص خلفي توسان 16/15 وكاله / مقص خلفي كرنفال 2015(CQKK-64R)كوري
ball_joint,جوزة مقص,suspension,جوزة|ركبة مقص|بول جوينت,Ball joint,medium,7,جوزة مقص بيكانتو 2013 اصلي / جوزة مقص بيكانتو 2013 (CBKK-27)كوري
stab_link,مسمار توازن,suspension,مسمار عمود توازن|ذراع الموازن,Stabilizer link,high,22,مسمارمساعد عمود توازن اوبتيما2007 يسار / مسمار عمود توازن يسار كرنفال 2008 اصلي
stab_bushing,جلدة عمود توازن,suspension,جلدة توازن|جلبة كمر|جلبة عمود التوازن,Stabilizer bar bushing,medium,6,جلدة عمود توازن امامي ريو2016 كوري / جلدة عمود توازن امامي اوبتيما 2015 اصلي
wheel_bearing,رمان هوب,suspension,رمان بلي|رولمان العجلة,Wheel bearing,high,3,رمان هوب امامي ريو 15/11 اصلي / رمان كرنفال 2006(K56A-33-047)(1J211001) كوري
hub,فلنجة هوب,suspension,فلنجة|صرة العجلة,Wheel hub,high,11,فلنجة هوب امامي اوبتيما 06-08(IJ710010)كوري / فلنجة هوب امامي اوبتيما 06-08 تجاري
wheel_stud,مسمار هوب,suspension,صامولة|برغي الكفر,Wheel stud / nut,high,2,مسمار هوب امامي+خلفي كلاروس اصلي / صاموله هوب امامي كلاروس اصلي
steering_rack,علبة دركسون,steering,علبة الدركسون|جربوكس دركسون,Steering rack / gearbox,high,7,علبه دركسون / علبه دركسون سنتافي (2W300)16/14 اصلي
inner_tie_rod,ذراع دركسون,steering,ذراع الدركسون,Inner tie rod,high,7,ذراع دركسون داخلي سيراتوCRKK46/ 14كوري / ذراع دركسون داخلي سيراتو كوري
tie_rod_end,كوع دركسون,steering,كوع|طرف الدركسون,Tie rod end,medium,15,كوع دركسون خارجي ريو2013 يسار كوري / كوع دركسون خارجي ريو2013 يمين كوري
grille,شبك,body,شبك أمامي|شبك صدام|جريل,Grille,high,13,شبك امامي ريو 2012 (HD03-44014) تجاري / شبك امامي ريو2013 وكاله
front_bumper,صدام أمامي,body,فيبر صدام|جلدة صدام,Front bumper cover,high,22,جلده صدام امامي سيراتو2010 (HD03-34008) / جلده صدام امامي ريو 2016(KAB131)تايلندي
rear_bumper,صدام خلفي,body,فيبر صدام خلفي,Rear bumper cover,high,2,فيبر صدام خلفي اوبتيما 2013 يمين اصلي / فيبرصدام خلفي سيراتو14/13 يمين وكاله
bumper_reinf,جسر صدام,body,دعامة الصدام|حديد الصدام,Bumper reinforcement,high,9,جسر صدام امامي اوبتيما 2019 تجاري / جسر صدام امامي ريو 2020تجاري
bumper_lip,دقن صدام,body,دقن|شفة الصدام,Bumper lip / valance,high,4,دقن تحت الصدام اوبتيما 15/14وكاله / دقن صدام امامي اوبتيما 2017وكاله
bumper_bracket,قاعدة صدام,body,قاعدة|كبس,Bumper bracket,medium,6,قاعدة تحت الشمعه ريو2013 يسار وكاله / قاعدة تحت الشمعه ريو2013 يسار اصلي
bumper_molding,زيق صدام,body,زيق|ربل الصدام,Bumper molding,medium,1,زيق صدام امامي ريو2013 يسار وكاله
front_panel,واجهة أمامية,body,واجهة|قاعدة الرديتر,Front panel (radiator support),medium,9,واجهة امامية ريو 08/06 تجاري / واجهة اماميه سيراتو 2011 (HD03-34045)تجاري
fender_trim,نيكل رفرف,body,نيكل|كروم,Chrome trim,high,4,نيكل رفرف امامي يسار اوبتيما 2017 وكاله / نيكل رفرف امامي يسار اوبتيما 2017 تجاري
fender_liner,بطانة رفرف,body,بطانة|رفرف داخلي,Fender liner,high,18,بطانه رفرف ريو 2007(SH0822) تايون / بطانه رفرف امامي ريو 2012 تجاري
fender,رفرف,body,رفرف أمامي|جناح,Fender,high,15,رفرف سيراتو يسار 011/08 تايون / رفرف اوبتيما يسار10/09 تايون
hood,كبوت,body,غطاء المكينة|بونيه,Hood,high,7,كبوت سيراتو2010 تايون / كبوت ريو2012 تجاري
splash_shield,بطانة تحت,body,غطاء تحت المكينة|درع,Engine splash shield,high,19,بطانه تحت المكينه سبورتاج 2012 تجاري / بطانه تحت المكينه سيراتو 2012تجاري
clips,حشوة بلاستيك,body,كلبسات|حشوات,Plastic clips / trim,medium,17,حشوه بلاستيك تحت المكينه اوبتيما وكاله / حشوه بلاستيك تحت المكينه اوبتيما اصلي
wipers,مساحات,body,مساحات الزجاج,Wipers,high,2,مساحات كرنفال 11/07 وكاله / مساحات كرنفال 11/07 اصلي
headlamp,شمعة أمامية,lights,شمعة|فانوس أمامي|هيدلايت,Headlamp,high,19,عظمه شمعه ريو 2013يسار وكاله / عظمه شمعه ريو 2013يمين وكاله
tail_lamp,اسطب,lights,اسطب خلفي|فانوس خلفي|اسطب شنطة,Tail lamp,high,9,اسطب خلفي سيراتو 11/08(34002-03)تجاري / اسطب خلفي ريو2012 (HD03-44002-2) تجاري
fog_lamp,كشاف,lights,كشاف صدام|كشاف ضباب,Fog lamp,high,9,غطاء كشاف اوبتيما2012يمين اصلي / غطاء كشاف سيراتو 2014 مغلق يسار وكاله
mirror_glass,قزاز مراية,mirrors,زجاج المراية,Mirror glass,high,4,قزاز مراية باب ريو2013يسارتجاري / قزاز مراية باب سيراتو2014 يسارتجاري
mirror,مراية باب,mirrors,مراية|مرآة جانبية,Side mirror,high,16,مراية باب ريو2013يسار(بدون فليشر/ابيض)تجاري / مراية باب ريو2013يسار(ابوفليشر/ابيض)تجاري
battery,بطارية,electrical,بطارية سيارة|بطاريه,Battery,common,0,
horn,بوري,electrical,زمور|هرن,Horn,common,0,
airbag,إيرباق,electrical,وسادة هوائية|اكياس هوائية,Airbag,common,0,
exhaust,شكمان,fuel,عادم|اكزوز|شكمان أوسط|شكمان خلفي,Exhaust,common,0,
catalytic,دبة شكمان,fuel,دبة|كتلايزر|علبة شكمان,Catalytic converter,common,0,
engine_oil,زيت مكينة,filters,زيت محرك|زيت,Engine oil,common,0,
trans_oil,زيت قير,transmission,زيت جربكس|زيت ناقل الحركة,Transmission fluid,common,0,
engine_assembly,مكينة كاملة,engine,محرك كامل|مكينة مستعملة|مكينة جديدة,Engine assembly,common,0,
gearbox_assembly,قير كامل,transmission,جربكس كامل|ناقل حركة,Transmission assembly,common,0,
freon,فريون,ac,غاز المكيف|تعبئة فريون,AC refrigerant,common,0,
windshield,زجاج أمامي,mirrors,قزاز قدام|زجاج قدامي|وينشيلد,Windshield,common,0,
door,باب,body,أبواب|باب أمامي|باب خلفي,Door,common,0,
trunk,باب الشنطة,body,شنطة|غطاء الشنطة|باب خلفي,Trunk lid / tailgate,common,0,
window_regulator,منظم زجاج,body,ماكينة قزاز|رافعة زجاج|مكينة درايش,Window regulator,common,0,
door_handle,مسكة باب,body,يد باب|مقبض باب,Door handle,common,0,
tires,كفرات,wheels,كفر|إطار|تواير,Tires,common,0,
rims,جنوط,wheels,جنط|رنجات|رنق,Rims / wheels,common,0,
