part_type_key,name_ar,category,quality_tier,price_sar,rows_in_source,min_sar,max_sar,price_taken_from_serial,price_taken_from
misc_gasket,وجه ثلاجة,engine,أصلي,6,1,6,6,1094,وجه ثلاجه كلارس اصلي
fan_switch,كتاوت مروحة,electrical,كوري,24,1,24,24,253,كتاوت مروحه كادنزا 2016 كوري
ac_condenser,لديتر مكيف,ac,أصلي,515,1,515,515,909,لديتر مكيف كرنفال 2008 اصلي
ac_condenser,لديتر مكيف,ac,كوري,199,40,130,361,896,لديتر مكيف سيراتو12/10 كوري
ac_condenser,لديتر مكيف,ac,تجاري,99,1,99,99,1115,لديتر مكيف اوبتيما 2019 (97606D7500)تجاري
ac_condenser,لديتر مكيف,ac,غير محدد,99,2,99,108,1114,لديتر مكيف ريو 09/06(976061G000) مع عبه فريون
ac_evaporator,ثلاجة مكيف,ac,أصلي,258,7,121,338,869,ثلاجة مكيف اوبتيما 2017 اصلي
ac_evaporator,ثلاجة مكيف,ac,كوري,166,34,106,252,885,ثلاجة مكيف كارنس14/13 كوري
ac_valve,بلف مكيف,ac,كوري,41,4,37,107,932,بلف مكيف سيرنتو كوري
ac_compressor,كمبروسر مكيف,ac,كوري,690,38,520,985,936,كمبروسر كارنس (2P310)2005 كوري
ac_blower,مروحة داخلية,ac,كوري,85,2,85,96,839,مروحة مكيف داخلي ريو2013 كوري
ac_fan,مروحة مكيف,ac,كوري,157,5,79,239,974,مروحه مكيف كرنفال م2008 كوري
ac_hose,لي مكيف,ac,أصلي,100,1,100,100,1059,لي مكيف حار كرنفال اصلي
ac_hose,لي مكيف,ac,كوري,46,25,26,237,988,لي مكيف حار استاريا 2022 كوري
ac_misc,منظم مكيف,ac,أصلي,21,1,21,21,841,منظم مكيف سيراتو 2012 اصلي
ac_misc,منظم مكيف,ac,كوري,19,2,19,38,842,منظم مكيف سيراتو 2012 كوري
cabin_filter,فلتر مكيف,filters,كوري,13,11,8,22,852,فلتر مكيف كونا 2024 + سبورتاج(L1100) كوري
cabin_filter,فلتر مكيف,filters,غير محدد,21,1,21,21,845,فلتر مكيف اوبتيما010/07 (FC1020)
washer_tank,قربة مساحات,body,وكالة,64,1,64,64,1007,قربه مساحات سيراتو16/15 وكاله
radiator,لديتر ماء,cooling,أصلي,302,1,302,302,180,لديتر ماء سيراتو 2010اتماتيك اصلي
radiator,لديتر ماء,cooling,كوري,234,48,136,424,210,لديتر ماء K5 2023(L1650)  كوري
radiator_fan,مروحة لديتر,cooling,وكالة,78,1,78,78,213,جرم مروحه ريو+اكسنت15/11وكاله
radiator_fan,مروحة لديتر,cooling,كوري,206,33,70,530,244,مروحه لديتر سيرنتو2014 كوري
coolant_tank,قربة ماء,cooling,وكالة,20,1,20,20,258,قربة لديتر اوبتيما 2017 وكاله
coolant_tank,قربة ماء,cooling,أصلي,14,2,14,26,259,قربة لديتر اوبتيما 2017 اصلي
radiator_hose,خرطوش لديتر,cooling,وكالة,43,1,43,43,254,خرطوش لديتر كادنزا فوق17/16وكاله
radiator_hose,خرطوش لديتر,cooling,أصلي,28,2,28,34,256,خرطوش لديتر تحت كادنزا 17/16اصلي
radiator_hose,خرطوش لديتر,cooling,كوري,6,1,6,6,1056,خرطوش لديتر فوق كرنفال كوري
water_pump,طرمبة ماء,cooling,وكالة,143,2,143,188,143,طرمبة ماء سيراتو+كارنس2E020+اوبتيما15/13وكاله
water_pump,طرمبة ماء,cooling,أصلي,205,3,203,234,147,طرمبه ماء كرنفال م 010/08 اصلي
water_pump,طرمبة ماء,cooling,كوري,76,3,75,80,1105,طرمبة ماء كرنفال كوري
thermostat,بلف حرارة,cooling,وكالة,52,1,52,52,261,بلف حراره اوبتيما وكاله
thermostat,بلف حرارة,cooling,أصلي,21,1,21,21,260,بلف حرارة بيكانتو 2011 اصلي
thermo_housing,كوع ماء,cooling,وكالة,172,1,172,172,262,قاعده كوع ماء سوناتا 12/11 وكاله
head_gasket,وجه راس,engine,وكالة,36,1,36,36,1031,وجه راس ريو وكاله
head_gasket,وجه راس,engine,أصلي,55,2,55,66,94,وجة راس ريو 2022 اصلي
head_gasket,وجه راس,engine,كوري,27,9,9,98,96,وجه راس كرنفال 2007بالطقم  3CAA0+3CAC0 كوري
gasket_set,طقم وجيه,engine,كوري,82,11,60,202,4,طقم وجيه سوناتا+اوبتيماء  كوري
valve_cover_gasket,وجه غطاء,engine,وكالة,32,2,32,38,105,وجه غطاء بلوف كرنفال وكاله
valve_cover_gasket,وجه غطاء,engine,أصلي,22,6,21,48,107,وجه غطاء بلوف كرنفال 2010/2007 اصلي
valve_cover_gasket,وجه غطاء,engine,كوري,5,1,5,5,102,وجه غطاء بلوف كرنفال 06/02مكينه3500 كوري
lifters,تكايات بلوف,engine,وكالة,19,1,19,19,1053,تكايات بلوف كرنفال وكاله
valves,بلوف,engine,وكالة,16,7,9,29,89,بلوف هواء كرنفال وكاله
valves,بلوف,engine,أصلي,11,1,11,11,91,بلوف نار كرنفال 2008 اصلي
valves,بلوف,engine,ياباني,120,5,61,182,1012,بلوف نار وهواء كرنس ياباني
valves,بلوف,engine,كوري,77,1,77,77,1081,بلوف نار وهواء بريجو كوري
valves,بلوف,engine,تايواني,121,1,121,121,1101,بلوف نار وهواء كرنفال تايون
main_bearings,سبائك ثابت,engine,وكالة,63,5,22,112,1111,سبائك ثابت كرنفال STD وكالة
main_bearings,سبائك ثابت,engine,أصلي,9,1,9,9,9,سبائك ثابت اوبتيما+سوناتا(2G120)07STD اصلي
main_bearings,سبائك ثابت,engine,كوري,28,2,28,35,1112,سبايك ثابت كرنفال مقاس 50 كوري
main_bearings,سبائك ثابت,engine,غير محدد,25,1,25,25,13,سبايك تابت مقاس (3C320)STD كرنفال(علبه4طقم)
rod_bearings,سبائك متحرك,engine,وكالة,33,1,33,33,122,سبائك متحرك كرنفال وكاله
rod_bearings,سبائك متحرك,engine,أصلي,10,3,9,19,119,سبائك متحرك STD 3C202كرنفال 2008اصلي(طقم)
rod_bearings,سبائك متحرك,engine,كوري,30,1,30,30,1110,سبائك متحرك كرنفال مقاس 025 كوري
thrust_washer,هلال كرنك,engine,وكالة,16,1,16,16,16,هلال كرنك كرنفال 2007 وكالة
con_rod,ذراع بستم,engine,وكالة,95,1,95,95,129,ذراع بستم اوبتيما 2009 وكاله
con_rod,ذراع بستم,engine,أصلي,74,1,74,74,128,ذراع بستم بيكانتو 2013 اصلي
pistons,بساتم,engine,وكالة,65,3,39,66,117,بساتم كرنفال 2008 وكاله
pistons,بساتم,engine,أصلي,49,2,49,63,127,بساتم مكينه اوبتيما+سوناتا14/11(2G200) اصلي
pistons,بساتم,engine,تجاري,129,1,129,129,1108,بساتم كرنفال STD تجاري KPST09
pistons,بساتم,engine,غير محدد,38,2,38,89,1034,بساتم  ريوSTD  طقم BKPST11
rings,شنابر,engine,وكالة,159,3,135,234,114,شنابر كرنفال 2008 STD وكاله
rings,شنابر,engine,أصلي,128,5,44,201,115,شنابر كرنفال 10/08 اصلي
rings,شنابر,engine,ياباني,75,1,75,75,1109,شنابر كرنفال STD(43019) ياباني
rings,شنابر,engine,كوري,133,1,133,133,112,شنابر سوناتا+اوبتيماء م 012/011 كوري
rings,شنابر,engine,تايواني,29,1,29,29,1035,شنابرمكينه ريو STD تايون
liners,قمصان مكينة,engine,تايواني,33,1,33,33,1076,قمصان مكينة بريجو تايون
liners,قمصان مكينة,engine,تجاري,32,1,32,32,1075,قمصان مكينة بريجو تجاري KLNR01
timing_belt,سير تيمن,engine,وكالة,54,3,54,111,1103,سير تيمن كرنفال خلفي وكالة
timing_belt,سير تيمن,engine,أصلي,28,3,13,75,140,بكره شداد تيمن كرنفال 10/07 اصلي
timing_chain,جنزير تيمن,engine,وكالة,40,2,40,113,141,شحاط جنزير كرنفال10/07 +سوناتا 2007 وكاله
timing_chain,جنزير تيمن,engine,أصلي,18,2,18,26,139,شداد جنزير ازيرا +كرنفال اصلي
idler_pulley,بكرة شداد,engine,وكالة,53,2,53,72,168,بكره شداد اكسنت 15/11وكاله
idler_pulley,بكرة شداد,engine,أصلي,42,3,40,63,166,بكره شداد اوبتيما 2007اصلي
idler_pulley,بكرة شداد,engine,كوري,19,6,17,37,170,بكره شداد سيراتو2006 كوري
belt_tensioner,شداد سير,engine,وكالة,89,2,89,178,1099,شداد سير دينمو كرنفال وكالة
belt_tensioner,شداد سير,engine,أصلي,193,2,193,265,162,شداد سير دينمو كرنفال 2008 اصلي
belt_tensioner,شداد سير,engine,كوري,61,2,61,165,161,شداد سير مروحه سيراتو كوري
drive_belt,سير دينمو,engine,وكالة,37,2,37,76,154,سير دينمو سوبرتاج 2016 وكاله
drive_belt,سير دينمو,engine,أصلي,61,5,15,78,158,سير دينمو 6 سلندر اصلي
drive_belt,سير دينمو,engine,كوري,31,3,7,39,152,سير مروحه سيراتو 2011 مكينه (1.6) كوري
crank_pulley,بكرة كرنك,engine,أصلي,111,1,111,111,123,بكره كرنك كرنفال2007 اصلي
oil_pump,طرمبة زيت,engine,وكالة,203,2,203,316,17,طرمبة زيت كرنفال(3C300) 2010/2007 وكاله
oil_pump,طرمبة زيت,engine,أصلي,201,3,174,546,19,طرمبه زيت كرنفال +كادنزا+ازيرا اصلي
oil_pan,كرتير زيت,engine,أصلي,102,1,102,102,24,كرتير زيت اوبتيما+سوناتا اصلي
oil_seal,صوفة,engine,وكالة,12,3,12,17,357,صوفه عكس اوبتيما+سول+كارنس وكاله
oil_seal,صوفة,engine,أصلي,8,3,6,21,360,صوفه عكس اوبتيما()3B411+سول+كارنس  اصلي
oil_seal,صوفة,engine,غير محدد,10,1,10,10,21,صوفة زيت موبس
oil_switch,ساعة زيت,engine,وكالة,20,1,20,20,838,ساعة زيت اوبتيما 06-08 وكاله
oil_switch,ساعة زيت,engine,أصلي,19,1,19,19,837,ساعة زيت اوبتيما 06-08(37100)اصلي
oil_sensor,حساس زيت,engine,أصلي,144,3,141,164,131,حساس زيت اوبتيما 13/11+سوناتا اصلي
dipstick,ماصورة عيار زيت,engine,أصلي,5,1,5,5,1098,ماصورة عيار زيت كرنفال اصلي
engine_mount,كرسي مكينة,engine,وكالة,99,7,56,221,64,كرسي مكينه امامي سيراتو 12/10 وكاله
engine_mount,كرسي مكينة,engine,أصلي,131,23,46,202,36,كرسي مكينه يمين كرنفال 2018 اصلي
engine_mount,كرسي مكينة,engine,كوري,62,18,24,102,88,كرسي مكينه امامي سوبرتاج 17/15 كوري
engine_misc,جلبة ترس,engine,وكالة,4,1,4,4,124,جلبه ترس عمود كرنك وكاله
engine_cover,غطاء مكينة,engine,أصلي,24,1,24,24,312,غطا مكينه تحت يمين ريو 2012 اصلي
pcv,بلف بخار,engine,أصلي,8,1,8,8,264,بلف بخار سوناتا+اوبتيما2013 اصلي
oil_cooler,ثلاجة زيت,engine,وكالة,635,1,635,635,285,ثلاجة مكينه اوبتيماء 2010 وكاله
oil_cooler,ثلاجة زيت,engine,أصلي,582,1,582,582,286,ثلاجة مكينه اوبتيماء 2010 اصلي
fuel_pump,طرمبة بنزين,fuel,وكالة,400,1,400,400,317,طرمبه بنزين كرنفال 2008 وكاله
fuel_pump,طرمبة بنزين,fuel,كوري,174,4,164,201,316,طرمبة بنزين ريو 2014 كوري
air_hose,لي هواء,fuel,وكالة,18,3,7,199,284,خرطوش قربه هواء ريو 2015 وكاله
air_hose,لي هواء,fuel,تجاري,8,1,8,8,1095,خرطوش هواء كلارس ( BKBRG15 ) تجاري
air_box,قربة هواء,fuel,أصلي,144,1,144,144,274,قربه هواء اوبتيما 2017 اصلي
idle_valve,منظم هواء,fuel,أصلي,324,1,324,324,283,منظم هواء كرنفال 2008 اصلي
air_filter,فلتر هواء,filters,وكالة,42,3,29,81,278,فلتر هواء كادنزا 2016 وكاله
air_filter,فلتر هواء,filters,أصلي,33,4,29,43,280,فلتر هواء سوبرتاج 2021 اصلي
air_filter,فلتر هواء,filters,كوري,13,1,13,13,1055,فلتر هواء كرنفال كوري
oil_filter,فلتر زيت,filters,وكالة,8,1,8,8,1009,فلتر زيت كلاروس وكاله
oil_filter,فلتر زيت,filters,أصلي,23,1,23,23,263,فلتر زيت كادنزا 2016 اصلي
fuel_filter,فلتر بنزين,filters,وكالة,63,1,63,63,320,فلتر بنزين اوبتيما2017وكاله
fuel_filter,فلتر بنزين,filters,أصلي,30,2,30,38,319,فلتر بنزين ريو 2013 اصلي
trans_filter,فلتر قير,transmission,أصلي,24,2,24,29,364,فلتر جربكس سيراتو(26000) 2011 اصلي
clock_spring,شريحة بوري,electrical,وكالة,110,3,98,122,830,شريحة بوري ريو 14/11 وكاله
clock_spring,شريحة بوري,electrical,أصلي,74,4,68,92,835,شريحة بوري اوبتيما 2012 اصلي
plug_wires,أسلاك بواجي,electrical,وكالة,15,2,15,16,1018,اسلاك بواجي كرنس وكالة
plug_wires,أسلاك بواجي,electrical,ياباني,5,2,5,8,1017,اسلاك بواجي كرنس ياباني
plug_wires,أسلاك بواجي,electrical,كوري,14,2,14,29,273,اسلاك بواجي اوبتيما+سوناتا كوري
alternator,دينمو,electrical,كوري,224,22,172,496,331,ديتمو كهرباء سيراتو11/09 كوري
alternator,دينمو,electrical,ماليزي,284,3,160,298,1083,دينمو تعبئه بريجو قراند جديد(6) ماليزي
starter,سلف,electrical,كوري,167,9,148,319,325,سلف كهرباء سوناتا 12/06+اوبتيما10/06 كوري
starter,سلف,electrical,ماليزي,83,1,83,83,1068,سلف كرنفال 06/01 اتماتيك مجدد ماليزي
coil,كويل,electrical,وكالة,113,3,96,125,267,كويل كرنفال وكاله
coil,كويل,electrical,أصلي,102,3,64,112,266,كويل كهرباء اوبتيما 2017 اصلي
coil,كويل,electrical,كوري,74,1,74,74,1029,كويل ريو كوري
spark_plugs,بواجي,electrical,وكالة,28,1,28,28,271,بواجي سيراتو وكاله
spark_plugs,بواجي,electrical,غير محدد,21,1,21,21,272,بواجي سيراتو
sensors,حساسات,electrical,وكالة,61,1,61,61,347,حساس كرنفال 2016 6سلندر وكاله
sensors,حساسات,electrical,أصلي,156,2,156,185,134,حساس مكينه اوبتيما13/11 اصلي
trans_mount,كرسي قير,transmission,وكالة,110,2,110,215,54,كرسي جربكس سيراتو (A7000)2014 وكاله
trans_mount,كرسي قير,transmission,أصلي,186,11,113,290,57,كرسي جربكس كرنفال2018 اصلي
trans_mount,كرسي قير,transmission,كوري,60,2,60,85,45,كرسي قير سيراتو 09/07 كوري
clutch_disc,فحمة كلتش,transmission,وكالة,33,2,33,145,1014,فحمة كلتش ريو وكالة
clutch_disc,فحمة كلتش,transmission,أصلي,128,1,128,128,353,دزق كلتش سيراتو 2010 اصلي
clutch_disc,فحمة كلتش,transmission,كوري,26,2,26,27,354,فحمه كلتش كلاروس(SRB-01)عبوه(60)كوري
clutch_cover,صحن كلتش,transmission,وكالة,173,1,173,173,348,صحن كلتش النترا 15/11 وكاله
clutch_cover,صحن كلتش,transmission,أصلي,163,1,163,163,349,صحن كلتش سيراتو 2010 اصلي
clutch_cover,صحن كلتش,transmission,كوري,73,3,70,88,1010,صحن كلتش سبرتاج(SDKI-248) كوري
clutch_cylinder,علبة كلتش,transmission,كوري,41,2,41,118,1051,علبه كلتش فوق كرنفال كوري
trans_pan,كرتير قير,transmission,وكالة,93,1,93,93,361,كارتير جربكس كارنس 13+سول13 وكاله
trans_pan,كرتير قير,transmission,أصلي,64,1,64,64,362,كارتير جربكس كارنس2B811/ 13+سول13 اصلي
front_pads,قماش أمامي,brakes,وكالة,200,7,141,247,608,قماش امامي اوبرس وكالة
front_pads,قماش أمامي,brakes,أصلي,164,6,50,209,624,قماش امامي اصلي
front_pads,قماش أمامي,brakes,كوري,30,40,19,55,652,قماش امامي كادنزا 17/16(SP-1987) كوري
front_pads,قماش أمامي,brakes,تجاري,13,1,13,13,631,قماش امامي ريو 03/ 05 تجاري
front_pads,قماش أمامي,brakes,غير محدد,39,1,39,39,625,قماش امامي(SP1849)
rear_pads,قماش خلفي,brakes,وكالة,131,4,127,147,632,قماش خلفي كارنس08/07 وكاله
rear_pads,قماش خلفي,brakes,أصلي,141,3,131,192,643,قماش خلفي سيرنتو 2015 اصلي
rear_pads,قماش خلفي,brakes,كوري,25,17,19,61,648,قماش خلفي اوبتيما 2017 (HP0057)كوري
brake_disc,هوب,brakes,تجاري,58,2,58,77,366,طاره هوب امامي (27-40000)كرنفال 2008 تجاري
brake_misc,علبة فرامل,brakes,أصلي,408,1,408,408,655,علبة فرامل كرنفال 2007 اصلي
strut_mount,كرسي مساعد,suspension,وكالة,66,7,27,159,452,كرسي مساعد سيراتو 15/13 وكاله
strut_mount,كرسي مساعد,suspension,أصلي,52,8,35,94,545,كرسي مساعد خلفي سيراتو 2019 اصلي
strut_mount,كرسي مساعد,suspension,كوري,27,15,13,46,445,كرسي مساعد SKKK-29امامي سيراتو2010 كوري
front_shocks,مساعدات أمامية,suspension,كوري,102,33,54,131,497,مساعد امامي سيراتو 2017 يمين كوري
rear_shocks,مساعدات خلفية,suspension,وكالة,160,4,137,208,534,مساعدات خلفي سيراتو 2010 وكاله
rear_shocks,مساعدات خلفية,suspension,أصلي,170,1,170,170,550,مساعدات خلفي (C1250)اوبتيما 17/16 اصلي
rear_shocks,مساعدات خلفية,suspension,كوري,58,15,48,76,551,مساعدات خلفي اوبتيما 17/16 D4110كوري
arm_bushing,جلبة مقص,suspension,وكالة,28,5,28,49,437,جلب مقص صغير سيرنتو 2016 وكاله
arm_bushing,جلبة مقص,suspension,أصلي,19,8,11,25,440,جلب مقص كبير(F6500) كادنزا 2016 اصلي
arm_bushing,جلبة مقص,suspension,كوري,9,10,7,26,443,جلبة مقص كبير ريو 18/17 كوري
front_arm,مقص أمامي,suspension,أصلي,164,4,143,256,401,مقص امامي ريو 2012 يمين اصلي
front_arm,مقص أمامي,suspension,كوري,87,33,49,145,379,مقص امامي سيراتو(1M100)11/09 يسار كوري
front_arm,مقص أمامي,suspension,تجاري,60,7,38,64,389,مقص امامي يسار كرنفال 2008 تجاري
rear_arm,مقص خلفي,suspension,وكالة,95,2,95,113,524,مقص خلفي سنتافي وكاله
rear_arm,مقص خلفي,suspension,أصلي,81,3,49,127,525,مقص خلفي سنتافي اصلي
rear_arm,مقص خلفي,suspension,كوري,39,3,37,53,527,ذراع خلفي كرنفال 2012 كوري
ball_joint,جوزة مقص,suspension,أصلي,26,2,26,66,419,جوزة مقص بيكانتو 2013 اصلي
ball_joint,جوزة مقص,suspension,كوري,20,5,16,30,420,جوزة مقص بيكانتو 2013 (CBKK-27)كوري
stab_link,مسمار توازن,suspension,وكالة,51,2,51,60,513,مسمار عمود توازن اوبتيما 13/10يمين وكاله
stab_link,مسمار توازن,suspension,أصلي,48,5,44,54,511,مسمار توازن امامي ريو 2020 اصلي
stab_link,مسمار توازن,suspension,كوري,14,14,12,19,518,مسمار توازن امامي يمين كادنزا 18/16 كوري
stab_link,مسمار توازن,suspension,غير محدد,42,1,42,42,503,مسمارمساعد عمود توازن اوبتيما2007 يسار
stab_bushing,جلدة عمود توازن,suspension,وكالة,18,1,18,18,502,جلدة عمود توازن كادنزا 17/16وكاله
stab_bushing,جلدة عمود توازن,suspension,أصلي,11,1,11,11,501,جلدة عمود توازن امامي اوبتيما 2015 اصلي
stab_bushing,جلدة عمود توازن,suspension,كوري,2,4,2,15,552,جلده عمود توازن خلفي اوبتيما 11/07 كوري
wheel_bearing,رمان هوب,suspension,أصلي,85,1,85,85,367,رمان هوب امامي ريو 15/11 اصلي
wheel_bearing,رمان هوب,suspension,كوري,34,2,34,51,1067,رمان هوب امامي كرنفال كوري
hub,فلنجة هوب,suspension,أصلي,391,2,391,427,373,فلنجنه امامي كرنفال 2018 اصلي
hub,فلنجة هوب,suspension,كوري,187,6,63,209,371,فلنجه هوب كرنفال(213001) كوري
hub,فلنجة هوب,suspension,تجاري,23,3,19,111,369,فلنجة هوب امامي اوبتيما 06-08 تجاري
wheel_stud,مسمار هوب,suspension,أصلي,2,2,2,5,1091,مسمار هوب امامي+خلفي كلاروس اصلي
steering_rack,علبة دركسون,steering,أصلي,760,3,647,810,561,علبه دركسون i40 14/13 اصلي
steering_rack,علبة دركسون,steering,كوري,78,2,78,99,578,علبة دركسون اوبتيما 2008/2006 كوري
steering_rack,علبة دركسون,steering,غير محدد,766,2,766,773,560,علبه دركسون
inner_tie_rod,ذراع دركسون,steering,أصلي,47,1,47,47,583,ذراع دركسون داخلي سوبرتاج 2018 اصلي
inner_tie_rod,ذراع دركسون,steering,كوري,16,6,15,19,564,ذراع دركسون داخلي سيراتو كوري
tie_rod_end,كوع دركسون,steering,كوري,22,15,19,30,572,كوع دركسون خارجي كرنفال 2007 يمين كوري
grille,شبك,body,وكالة,43,3,25,94,723,شبك صدام امامي سيراتو2013 وكاله
grille,شبك,body,تجاري,45,10,14,111,690,شبك امامي ريو 2012 (HD03-44014) تجاري
bumper_retainer,فيبر صدام,body,وكالة,8,9,5,16,715,فيبر صدام امامي اوبتيما13/11 يساروكاله
bumper_retainer,فيبر صدام,body,أصلي,9,5,4,17,751,فيبر صدام خلفي اوبتيما 2013 يمين اصلي
bumper_retainer,فيبر صدام,body,تايلندي,6,1,6,6,712,فيبر صدام امامي سيراتو2011(KABS037)يسارتايلندي
rear_bumper,صدام خلفي,body,وكالة,455,1,455,455,747,جلدة صدام خلفي سيرنتو 2015 وكاله
rear_bumper,صدام خلفي,body,تايلندي,82,1,82,82,746,جلدة صدام خلفي سيراتو2014(KAB092)تايلندي
rear_bumper,صدام خلفي,body,تجاري,72,1,72,72,745,جلدة صدام خلفي ريو2013(HD03-44009)تجاري
rear_bumper,صدام خلفي,body,غير محدد,63,1,63,63,744,جلده صدام خلفي سيراتو 2009(HD03-34009)
front_bumper,صدام أمامي,body,تايلندي,123,1,123,123,707,جلده صدام امامي ريو 2016(KAB131)تايلندي
front_bumper,صدام أمامي,body,تجاري,79,3,74,86,710,جلدة صام امامي سيراتو2014(HD03-61008) تجاري
front_bumper,صدام أمامي,body,غير محدد,67,1,67,67,706,جلده صدام امامي سيراتو2010 (HD03-34008)
bumper_reinf,جسر صدام,body,تجاري,47,9,29,62,729,جسر صدام امامي سيراتو2014(HD03-61008-02)تجاري
bumper_lip,دقن صدام,body,وكالة,32,4,27,110,742,دقن تحت الصدام اوبتيما 15/14وكاله
bumper_bracket,قاعدة صدام,body,وكالة,18,1,18,18,750,قاعدة صدام خلفي ريو2013 يمين وكاله
bumper_molding,زيق صدام,body,وكالة,8,1,8,8,737,زيق صدام امامي ريو2013 يسار وكاله
front_panel,واجهة أمامية,body,تجاري,105,9,85,180,664,واجهة امامية سيراتو 2020 تجاري
fender_trim,نيكل رفرف,body,وكالة,79,2,79,79,794,نيكل رفرف امامي يسار اوبتيما 2017 وكاله
fender_trim,نيكل رفرف,body,تجاري,28,2,28,28,795,نيكل رفرف امامي يسار اوبتيما 2017 تجاري
fender_liner,بطانة رفرف,body,وكالة,43,4,38,69,773,بطانه رفرف خلفي سيراتو2013يساروكاله
fender_liner,بطانة رفرف,body,تايواني,21,5,17,21,767,بطانه رفرف يسار سيراتو 2010(SH0897) تايون
fender_liner,بطانة رفرف,body,تجاري,14,9,8,19,759,بطانه رفرف امامي ريو(1W000) 2015 تجاري
fender,رفرف,body,تايواني,121,13,33,199,672,رفرف اوبتيما 2016 يسار تايون
fender,رفرف,body,تجاري,60,2,60,101,671,رفرف امامي يسار كرنفال2008 تجاري
hood,كبوت,body,وكالة,543,1,543,543,685,كبوت اوبتيما2009 وكاله
hood,كبوت,body,تايواني,258,5,249,609,686,كبوت اوبتيما 12/11 تايون
hood,كبوت,body,تجاري,246,1,246,246,684,كبوت ريو2012 تجاري
splash_shield,غطاء تحت المكينة,body,وكالة,45,9,14,240,290,حشوه بلاستيك تحت المكينه اوبتيما وكاله
splash_shield,غطاء تحت المكينة,body,أصلي,36,6,21,145,299,حشوة بلاستيك تحت المكينه سيراتو2014 اصلي
splash_shield,غطاء تحت المكينة,body,تجاري,12,12,8,45,309,حشوه بلاستيك تحت المكنه اوبتيما 010/07 تجاري
radiator_cover,بلاستيك فوق الرديتر,body,وكالة,44,1,44,44,697,بلاستيك فوق اللديتر ريو 15/11 وكاله
radiator_cover,بلاستيك فوق الرديتر,body,تجاري,18,5,14,19,700,بلاستيك فوق اللديتر سيراتو 2018 تجاري
wipers,مساحات,body,وكالة,42,1,42,42,1005,مساحات كرنفال 11/07 وكاله
wipers,مساحات,body,أصلي,28,1,28,28,1006,مساحات كرنفال 11/07 اصلي
headlamp_bracket,عظمة شمعة,lights,وكالة,9,4,8,13,739,عظمه شمعه ريو 2013يمين وكاله
headlamp_bracket,عظمة شمعة,lights,أصلي,5,4,5,13,741,كبس تحت الشمعه اوبتيما 2012 يمين اصلي
headlamp,شمعة أمامية,lights,وكالة,398,1,398,398,808,شمعة نور كرنفال م2007 يسار وكالة
headlamp,شمعة أمامية,lights,تجاري,138,14,59,249,802,شمعه نور اوبتيما 2015(52001-03)تجاري
headlamp,شمعة أمامية,lights,غير محدد,104,1,104,104,1037,شمعة نور كرنفال يسار 03-04 HD03-27001
tail_lamp,اسطب,lights,تجاري,63,9,38,187,826,اسطب خلفي اوبتيما 2011 يسار(HD03-39002-1) تجاري
fog_cover,غطاء كشاف,lights,وكالة,11,3,10,11,732,ديكور تحت الكشاف اوبتيما 2017 يمين وكاله
fog_cover,غطاء كشاف,lights,أصلي,8,2,8,10,733,ديكور تحت الكشاف اوبتيما 2017 يمين اصلي
fog_lamp,كشاف,lights,تجاري,23,7,18,36,814,كشاف ريو2007 (HD03-7005)تجاري
mirror_glass,قزاز مراية,mirrors,تجاري,8,4,8,9,792,قزاز مراية باب ريو2013يمين تجاري
mirror,مراية باب,mirrors,تجاري,61,16,43,105,775,مراية باب ريو2013يسار(ابوفليشر/ابيض)تجاري
