المتغير,القيمة,الوصف / الاستخدام
نسبة ضريبة القيمة المضافة,0.15,تُضاف على سعر البيع النهائي
هامش الربح الافتراضي,0.35,يُستخدم إذا لم يُحدد هامش خاص للقطعة
أيام التجهيز داخل الرياض,1.0,من الدفع حتى خروج الشحنة (المخزون متوفر)
أيام التوريد من المندوب,1.0,إذا كانت القطعة عند المندوب وليست بمستودعنا
ساعة قطع الطلبات,14.0,الطلب بعد هذه الساعة يُحتسب من اليوم التالي
حد الثقة العالية,0.85,أعلى منه = وعد مضمون (أخضر)
حد الثقة المتوسطة,0.65,بينهما = وعد تقديري (أصفر) · أقل = طلب خاص (رمادي)
قيمة تعويض تأخر الوعد (ريال),50.0,رصيد يُمنح للعميل تلقائياً عند الإخلال بالوعد
سعر ساعة العمل (ريال),120.0,أجرة اليد في المركز — أساس حساب تكلفة التركيب
خصم التركيب عبر الموقع,0.1,خصم على أجرة اليد لمن يشتري القطعة من الموقع ويركّبها لدينا
